1/22/2017 5:38:17 AM;Wall St is expecting 0.15 EPS for $AAC Q4 [Reporting 02/21 AMC] \n http://www.estimize.com/intro/aac?utm_content=AAC&amp;utm_medium=eps_update&amp;utm_source=stocktwits#chart=historical;EstimizeAlerts
1/19/2017 5:35:03 AM;Wall St is expecting 21.01% YoY revenue growth for $AAC in Q4, down from 22.93% in Q3 [Reporting 02/21 AMC] \n http://www.estimize.com/intro/aac?utm_content=AAC&amp;utm_medium=eps_update&amp;utm_source=stocktwits#chart=historical;EstimizeAlerts
1/19/2017 12:32:06 AM;@SonGoku what do you think of $AAC ?;allo123
1/16/2017 5:35:29 AM;Wall St is expecting -14.71% YoY EPS growth for $AAC in Q4, up from -20.83% in Q3 [Reporting 02/21 AMC] \n http://www.estimize.com/intro/aac?utm_content=AAC&amp;utm_medium=eps_update&amp;utm_source=stocktwits#chart=historical;EstimizeAlerts
1/13/2017 5:31:42 AM;Wall St is expecting 70.53 revenue for $AAC Q4 [Reporting 02/21 AMC] \n http://www.estimize.com/intro/aac?utm_content=AAC&amp;utm_medium=eps_update&amp;utm_source=stocktwits#chart=historical;EstimizeAlerts
1/11/2017 10:41:09 PM;$AAC $AVID $BLDP $CHNR $CYH $GSS $MCEP $MX $NDLS $REFR for Thurs 1/12/17;OneManGang
1/11/2017 3:17:49 PM;$AAC starting to act real good a play on govt $$ to go into traeating drug addiction down bigly in last yr moving with trump;dawnmail
1/11/2017 4:46:54 AM;01/11/2017 Launch List: $APOL, $AAC, $AVID, $MTL, $ENPH, $BIOC, $PSDV, $BETR http://bit.ly/2iZMknO;matmasr
1/10/2017 5:28:35 AM;Wall St is expecting 0.15 EPS for $AAC Q4 [Reporting 02/21 AMC] \n http://www.estimize.com/intro/aac?utm_content=AAC&amp;utm_medium=eps_update&amp;utm_source=stocktwits#chart=historical;EstimizeAlerts
1/7/2017 5:28:13 AM;Wall St is expecting 21.01% YoY revenue growth for $AAC in Q4, down from 22.93% in Q3 [Reporting 02/21 AMC] \n http://www.estimize.com/intro/aac?utm_content=AAC&amp;utm_medium=eps_update&amp;utm_source=stocktwits#chart=historical;EstimizeAlerts
1/6/2017 3:20:11 PM;$AAC looks awful here;smartypants1
1/4/2017 11:56:04 PM;AAC Holdings&#39;s Chief Financial Officer just disposed of 29 shares  http://www.conferencecalltranscripts.org/4/summary/?id=3365867 $AAC;cctranscripts
1/4/2017 11:52:31 PM;AAC Holdings&#39;s Chief Accounting Officer just disposed of 1,078 shares  http://www.conferencecalltranscripts.org/4/summary2/?id=3365838 $AAC;cctranscripts
1/4/2017 11:47:32 PM;AAC Holdings&#39;s General Counsel and Secretary just disposed of 29 shares  http://www.conferencecalltranscripts.org/4/summary/?id=3365819 $AAC;cctranscripts
1/4/2017 5:11:10 PM;$AAC Trumpy did say drug addiction isbigly problem more money will go into treatment and this cld go anywhere could double on deadcat bounce;dawnmail
1/4/2017 3:58:46 PM;$AAC this looks ready to rip not very liquid though.drug rehab will be getting more fed funds this is a big playere bt 2100sh 7.7 avg;dawnmail
1/4/2017 5:25:53 AM;Wall St is expecting -14.71% YoY EPS growth for $AAC in Q4, up from -20.83% in Q3 [Reporting 02/21 AMC] \n http://www.estimize.com/intro/aac?utm_content=AAC&amp;utm_medium=eps_update&amp;utm_source=stocktwits#chart=historical;EstimizeAlerts
1/1/2017 5:24:24 AM;Wall St is expecting 70.53 revenue for $AAC Q4 [Reporting 02/21 AMC] \n http://www.estimize.com/intro/aac?utm_content=AAC&amp;utm_medium=eps_update&amp;utm_source=stocktwits#chart=historical;EstimizeAlerts
12/31/2016 2:20:52 PM;Watch in 2017    \n$AAC down  -62%  in 2016; RSI at 27\n$ABTL down  -39%  in 2016; RSI at 28\n$ABUS down  -44%  in 2016; RSI at 14\nMore $ Later;stockindicators
12/30/2016 7:13:55 PM;Big Gainer Alert: Trading today&#39;s 8.5% move in AAC HOLDINGS INC $AAC http://wp.me/p5bLGB-4xd1;quantcha
12/29/2016 5:24:15 AM;Wall St is expecting 0.15 EPS for $AAC Q4 [Reporting 02/21 AMC] \n http://www.estimize.com/intro/aac?utm_content=AAC&amp;utm_medium=eps_update&amp;utm_source=stocktwits#chart=historical;EstimizeAlerts
12/28/2016 3:30:40 PM;$AAC looks ready to rip higher;TraderKing2077
12/26/2016 5:24:01 AM;Wall St is expecting 21.01% YoY revenue growth for $AAC in Q4, down from 22.93% in Q3 [Reporting 02/21 AMC] \n http://www.estimize.com/intro/aac?utm_content=AAC&amp;utm_medium=eps_update&amp;utm_source=stocktwits#chart=historical;EstimizeAlerts
12/25/2016 4:31:27 AM;$AAC analysis available on the fastest growing stock platform, up to +70% AAC accuracy: http://www.stockstinder.com/predictions.php;mscott1330
12/23/2016 5:21:23 AM;Wall St is expecting -14.71% YoY EPS growth for $AAC in Q4, up from -20.83% in Q3 [Reporting 02/21 AMC] \n http://www.estimize.com/intro/aac?utm_content=AAC&amp;utm_medium=eps_update&amp;utm_source=stocktwits#chart=historical;EstimizeAlerts
12/20/2016 10:17:56 PM;AAC Holdings director just disposed of 18,340 shares  http://www.conferencecalltranscripts.org/4/summary2/?id=3336655 $AAC;cctranscripts
12/20/2016 5:20:05 AM;Wall St is expecting 70.53 revenue for $AAC Q4 [Reporting 02/21 AMC] \n http://www.estimize.com/intro/aac?utm_content=AAC&amp;utm_medium=eps_update&amp;utm_source=stocktwits#chart=historical;EstimizeAlerts
12/18/2016 5:26:14 PM;$AAC analysis available on the fastest growing stock platform, up to +70% AAC accuracy: http://www.stockstinder.com/predictions.php;cadencesullivan
12/18/2016 4:35:58 PM;$AAC try the fastest growing #1 stock analysis platform. Detailed reliable AAC predictions: http://www.stockstinder.com/predictions.php;cadencesullivan
12/18/2016 3:58:15 PM;$AAC most accurate predictions! 100% transparent accuracy rates, profit on AAC now, see for yourself: http://www.stockstinder.com/predictions.php;cadencesullivan
2/23/2010 6:35:28 AM;$SCOK SinoCoking Coal and Coke Chemical Industries Investor Presentation slides (formerly $AAC who did reverse merger). http://bit.ly/bEf0rb;
11/3/2009 9:58:25 PM;As long as they had good volume... $AAC was one of my favorites... If 'they' don't stop f*cking w/ me I'll do it again...;
8/28/2009 11:19:20 AM;$AAC chart http://tinyurl.com/nq7874;
8/28/2009 11:17:35 AM;$AAC chart http://bit.ly/U5bgC;
8/10/2009 6:20:48 PM;ASX-listed Companies announcements 10Aug $AAC $AAO $ABM $ABP $ACK $AGF $AGJ $AGS $AGX $AHE $AIB $ALF $ALR $ALR $ALY $AMP http://bit.ly/6LMUV;
7/20/2009 5:21:42 PM;news out on $AAC seems sketchy;
