1/23/2017 9:28:33 AM;$AAON: AAON, Inc. has fallen to a 2 star rating. Here is a list of its peers that are 4+ star stocks: LII. (https://stockflare.com/stocks/AAON.O);stockflare_alerts
1/19/2017 11:20:47 PM;Investor BlackRock Inc. just increased their stake in $AAON by 16% - https://fintel.io/sob/us/aaon;risenhoover
1/19/2017 10:29:06 PM;BlackRock, Inc. just provided an update on share ownership of AAON http://www.conferencecalltranscripts.org/13G/summary/?id=3400907 $AAON;cctranscripts
1/19/2017 9:14:06 AM;$AAON: AAON, Inc. has gained a star, now a 3 star stock. (https://stockflare.com/stocks/AAON.O);stockflare_alerts
1/18/2017 4:00:57 PM;Some little known stocks on fundamental technical scans $MIDD $TREX $AZPN $ROL $ODFL $AAON $GTT $MPWR $APH $EBSB $EBS $OLLI $FRME $EXP $TTC;BPGAG
1/16/2017 5:05:48 AM;Finance geeks give $AAON 1 BUY and 0 SELL votes. Enter here if you&#39;d buy or sell $AAON: https://www.finstead.com/stock/info/AAON?tab=opinions;finstead
1/15/2017 9:15:54 PM;Published $AAON estimate on Estimize: ... http://www.estimize.com/aaon/fq4-2016/estimates/555228?utm_medium=share&amp;utm_source=stocktwits;QuantTrader007
1/7/2017 12:36:24 AM;$DJIA 2 year chart continues to show multiples of the multi year average volume each day. $SPY $IWM $AAON $SPX $IWM;vix_vixerson
1/5/2017 4:41:37 PM;AAON has had terrific earnings performance in the past 5 years with 17.9% pa EPS growth $AAON https://simplywall.st/NasdaqGS:AAON/aaon/?utm_medium=stocktwits&amp;anchor=past-earnings-growth#past-earnings-growth;WarrenofWallSt
1/5/2017 4:24:40 PM;AAON&#39;s Vice President just picked up 2,718 shares  http://www.conferencecalltranscripts.org/4/summary2/?id=3368045 $AAON;cctranscripts
1/5/2017 4:24:31 PM;AAON&#39;s President just picked up 2,930 shares  http://www.conferencecalltranscripts.org/4/summary/?id=3368039 $AAON;cctranscripts
1/5/2017 4:15:47 PM;Vice President of AAON just picked up 3,780 shares  http://www.conferencecalltranscripts.org/4/summary2/?id=3368021 $AAON;cctranscripts
1/5/2017 9:38:15 AM;$AAON: AAON, Inc. current price of $34.1 is now higher than the target price of $34.0. (https://stockflare.com/stocks/AAON.O);stockflare_alerts
1/4/2017 4:04:48 PM;$BC $AAON $AXL new highs;SG7416
1/3/2017 6:55:23 PM;$AAON Great company with consistent revenue growth and track record. This is a safe play but has a low dividend, so we pass.;GiveMeCashflow
1/3/2017 6:11:20 PM;Recent $AAON technical alerts: Non-ADX 1,2,3,4 Bullish plus 2 more alerts... http://swingtradebot.com/equities/AAON;SwingTradeBot
1/3/2017 6:09:00 PM;Vice President of AAON just disposed of 353 shares  http://www.conferencecalltranscripts.org/4/summary/?id=3358934 $AAON;cctranscripts
1/3/2017 6:08:53 PM;AAON&#39;s Vice President just disposed of 283 shares  http://www.conferencecalltranscripts.org/4/summary2/?id=3358930 $AAON;cctranscripts
1/3/2017 6:05:22 PM;AAON&#39;s Sr. Vice President Admin/Treas just disposed of 12,722 shares  http://www.conferencecalltranscripts.org/4/summary/?id=3358924 $AAON;cctranscripts
1/2/2017 5:10:26 PM;Analysts Give Average Rating of Buy to AAON $AAON http://www.marketbeat.com/stocks/NASDAQ/AAON/;AnalystRatingsNetwork
12/29/2016 2:21:19 PM;AAON&#39;s Chief Accounting Officer just disposed of 339 shares  http://www.conferencecalltranscripts.org/4/summary/?id=3352010 $AAON;cctranscripts
12/28/2016 10:42:08 AM;$AAON chart with MACD buy-signal soon . Bollinger Bands are nearing new Trend start;ortega1963
12/28/2016 10:20:19 AM;WL: $AMZN $SCHW $ETFC $AAON $SUM $MLM $RATE;ortega1963
12/27/2016 7:27:38 PM;$AAON $SUM building material stocks;SG7416
12/27/2016 5:41:41 PM;$AAON $FIX $GFF $SUM ok;SG7416
12/27/2016 4:57:07 PM;$AAON $FIX $SUM decent.;SG7416
12/25/2016 4:35:12 AM;$AAON accurate predictions! 100% transparent accuracy rates, profit on AAON , start today: http://www.stockstinder.com/predictions.php;mscott1330
12/25/2016 4:25:59 AM;$AAON analysis available on the fastest growing stock platform, up to +70% AAON accuracy: http://www.expatinc.com/new/predictions.php;mscott1330
12/18/2016 5:15:55 PM;$AAON analysis available on the fastest growing stock platform, up to +70% AAON accuracy: http://www.stockstinder.com/predictions.php;cadencesullivan
12/18/2016 4:40:32 PM;$AAON try the fastest growing #1 stock analysis platform. Detailed reliable AAON predictions: http://www.stockstinder.com/predictions.php;cadencesullivan
