1/24/2017 8:54:40 AM;$AB anybody know the next cutoff date for the next dividend?  I wanna take a huge position before.;CRizzle
1/18/2017 8:37:50 PM;Cohen &amp; Steers $CNS valuation multiples prior to earnings Wednesday vs #Stocks: $WDR $LM $AB $GBL\u2026 https://t.co/XkecH2JrNG;finbox
1/18/2017 8:34:54 PM;$AB This stock always seems to test 22.5 options just before/through Friday expiration...recommend selling 22.5 and/or 20 puts to enter/add!;heidib
1/18/2017 4:16:24 PM;Cohen &amp; Steers $CNS valuation multiples prior to earnings Wednesday vs #Stocks: $WDR $LM $AB $GBL\u2026 https://t.co/WrymqZMcTV;finbox
1/17/2017 10:04:09 PM;Cohen &amp; Steers $CNS valuation multiples prior to earnings Wednesday vs #Stocks: $WDR $LM $AB $GBL\u2026 https://t.co/0ZVH0HwuYE;finbox
1/14/2017 1:16:28 AM;$AB February?;lborn4
1/12/2017 1:50:05 PM;$AB: New SEC Filing for AB:\nForm 8-K, No. 0000825313-17-000002\nhttp://stocknewsflow.com/825313_000082531317000002_0000825313-17-000002;VestNews
1/12/2017 9:43:39 AM;$AB: The target price for AllianceBernstein Holding LP of $24.0 is now above that latest price of $23.1. (https://stockflare.com/stocks/AB);stockflare_alerts
1/12/2017 8:15:11 AM;$AB fellow chasers ... any idea when the next dividend will pay out?;CRizzle
1/10/2017 11:11:00 PM;Scan results - Expansion Pivot Sell Setup today: $ZLTQ $AB $SIMO $SHLM $ENDP $NBIX $TAP $VRSN $KO $PG ... http://swingtradebot.com/events/53/equities?selected_date=2017-01-10;SwingTradeBot
1/10/2017 11:01:35 PM;Scan results - Fell Below 50 DMA today: $WMB $ZLTQ $AB $SHLM $CNK $DNKN $NBIX $ELF $VRSN $MRK ... http://swingtradebot.com/events/2/equities?selected_date=2017-01-10;SwingTradeBot
1/10/2017 9:39:04 PM;Momentum watch for WED $ALK $HQY $HRC $PODD $TEN $YPF $AB $ENDP $TAP $TV;davemeck
1/6/2017 11:04:36 PM;Scan results - Shooting Star Candlestick today: $DOV $HWAY $MNTA $EXPE $AB $NUAN $LAMR $RTRX $MGNX $STON ... http://swingtradebot.com/events/15/equities?selected_date=2017-01-06;SwingTradeBot
1/6/2017 9:57:21 AM;$AB butting up against big weekly level as the daily gets moving (Nitrous);gtlackey
1/5/2017 9:31:00 AM;$AB: AllianceBernstein Holding LP has lost a star, now a 2 star stock. (https://stockflare.com/stocks/AB);stockflare_alerts
1/4/2017 9:29:24 AM;$AB: AllianceBernstein Holding LP current price of $24.05 is now higher than the target price of $23.75. (https://stockflare.com/stocks/AB);stockflare_alerts
12/28/2016 11:03:38 PM;Scan results - Bearish Engulfing today: $NVDA $BW $RDS.B $AMD $CIT $RESI $JAZZ $IP $AB $SEM ... http://swingtradebot.com/events/14/equities?selected_date=2016-12-28;SwingTradeBot
12/25/2016 4:31:56 AM;$AB analysis available on the fastest growing stock platform, up to +70% AB accuracy: http://www.stockstinder.com/predictions.php;mscott1330
12/20/2016 11:04:49 PM;Scan results - Shooting Star Candlestick today: $REN $BEAT $BKD $AB $SHAK $MAIN $FCPT $XHR $POOL $QUAD ... http://swingtradebot.com/events/15/equities?selected_date=2016-12-20;SwingTradeBot
12/20/2016 5:21:42 PM;Top High Yield Stocks for 2017 http://chc.li/2hnqbhA  - Looking at $BX $FIG $AB $NOK $CTL $LVS $SPY;jacobmintz
12/20/2016 9:44:30 AM;$AB: AllianceBernstein Holding LP has lost a star, now a 3 star stock. (https://stockflare.com/stocks/AB);stockflare_alerts
12/18/2016 5:26:44 PM;$AB analysis available on the fastest growing stock platform, up to +70% AB accuracy: http://www.stockstinder.com/predictions.php;cadencesullivan
12/18/2016 4:36:23 PM;$AB try the fastest growing #1 stock analysis platform. Detailed reliable AB predictions: http://www.stockstinder.com/predictions.php;cadencesullivan
12/18/2016 3:58:48 PM;$AB most accurate predictions! 100% transparent accuracy rates, profit on AB now, see for yourself: http://www.stockstinder.com/predictions.php;cadencesullivan
12/18/2016 3:27:31 PM;$AB analysis available on fastest growing stock platform with up to +70% AB accuracy: http://www.stockstinder.com/predictions.php;cadencesullivan
12/18/2016 1:05:37 PM;$AB try the fastest growing &amp; #1 stock analysis platform. Detailed reliable AB predictions: http://www.stockstinder.com/predictions.php;cadencesullivan
12/18/2016 12:49:30 PM;$AB accurate predictions! 100% transparent accuracy rates, profit on AB now, see for yourself: http://www.stockstinder.com/predictions.php;cadencesullivan
12/16/2016 3:13:03 PM;AllianceBernstein Holding LP downgraded by Bank of America Corp. to underperform. http://www.marketbeat.com/r/750596 $AB;AnalystRatingsNetwork
12/16/2016 2:21:11 PM;$AB BofA/Merrill Lynch cuts to underperform https://stocknews.com/news/ab-bofamerrill-lynch-cuts-to-underperform;StockNews
