1/24/2017 2:32:06 PM;$ABB #breakout #resistance 22.86 detected 9:32 AM, Jan 24 EST; recent #support 22.26 https://goo.gl/vXwqPJ;gameplan
1/23/2017 4:23:56 PM;$ABB JPMorgan reiterates Neutral rating https://stocknews.com/news/abb-jpmorgan-reiterates-neutral-rating/;StockNews
1/23/2017 4:15:55 PM;ABB&#39;s neutral rating reiterated at JPMorgan Chase &amp; Co.. http://www.marketbeat.com/r/765109 $ABB;AnalystRatingsNetwork
1/22/2017 4:25:15 AM;Did investors in ABB $ABB notice the insiders have been buying  in the last 3 months? https://simplywall.st/NYSE:ABB/abb/?utm_medium=stocktwits&amp;anchor=insider-trading#insider-trading;WarrenofWallSt
1/20/2017 4:36:45 PM;This Hedge Fund Bought $3 Billion of ABB Ltd Stock: Should You Buy, Too? $ABB $DHR $JCI $ROK http://bit.ly/200117ABB;WhoTrades
1/19/2017 5:13:32 PM;ABB Receives Consensus Hold Rating from Analysts $ABB http://www.marketbeat.com/stocks/NYSE/ABB/;AnalystRatingsNetwork
1/19/2017 5:37:05 AM;$ABB is in Downside Tasuki Gap winning 100.00% in the past. https://scan.alpaca.ai/card/893294?utm_campaign=card_893294&amp;utm_medium=tweet&amp;utm_source=stocktwits;AlpacaAlerts
1/18/2017 2:01:01 AM;BLOCK SUMMARY: [ $ABB ] : Price[$22.43] : Day Close[$22.33] : Volume[560,000] : From[11:33:14] : To[11:33:14] #ABB;equityswing
1/17/2017 9:30:05 PM;BLOCK SUMMARY: [2017-01-17] : [ $ABB ] : Total Volume[560,000] : Cumulative Avg[$22.43] : Day Close[$22.33] #ABB;equityswing
1/17/2017 4:33:31 PM;BLOCK: [11:33:14] : $ABB : $22.43 : 560,000 #ABB, LIVE BLOCKS ON http://www.equityswing.com/live.html;equityswing
1/10/2017 10:07:43 PM;ABB Ltd upgraded by Bank of America Corporation to buy. http://www.marketbeat.com/r/759032 $ABB;AnalystRatingsNetwork
1/10/2017 7:00:08 PM;what large players are buying http://www.chartmill.com/stockscreener.php?filters=adev_520%2Cv1_50b1000&amp;tab=5&amp;p=0&amp;v=9&amp;s=0&amp;ticker=&amp;nt=&amp;timeframe=DAILY&amp;type=CANDLES&amp;o1=3&amp;op1=200&amp;i1=49&amp;ip1=&amp;cl=F&amp;months=0&amp;o2=3&amp;op2=50&amp;i2=&amp;ip2=&amp;width=400&amp;o3=1&amp;op3=&amp;i3=&amp;ip3= #stocks $ABB $BIL $URRE;ChartMill
1/10/2017 6:45:31 PM;$ABB BofA/Merrill Lynch raises to a buy https://stocknews.com/news/abb-bofamerrill-lynch-raises-to-a-buy/;StockNews
1/10/2017 6:35:43 PM;$ABB strong day for this sleeper http://stockcharts.com/h-sc/ui?s=ABB&amp;p=D&amp;b=5&amp;g=0&amp;id=p69917769685;Manoncamelshump
1/6/2017 9:26:40 AM;$ABB: ABB Ltd (ADR) current price of $21.56 is now higher than the target price of $21.39. (https://stockflare.com/stocks/ABB);stockflare_alerts
12/30/2016 1:00:33 AM;MA10-MA50 Bull Crossover Stocks: $ABB,  $CIE, $MGH   http://www.ninestocks.com/2016/12/ma10-ma50-bull-crossover-stocks-abb-ltd-abb-cobalt-international-energy-cie-mfs-intermediate-income-trust-min/;ninestocks
12/25/2016 4:31:28 AM;$ABB analysis available on the fastest growing stock platform, up to +70% ABB accuracy: http://www.stockstinder.com/predictions.php;mscott1330
12/22/2016 11:00:42 PM;Scan results - Crossed Above 50 DMA today: $WTW $SUN $ABB $ALXN $IAC $CIB $EPR $TGP $SUI $SE ... http://swingtradebot.com/events/1/equities?selected_date=2016-12-22;SwingTradeBot
12/22/2016 3:21:06 PM;@Mr_Robot I&#39;m long $SIEGY. SIE on Frankfurt exchange. JUST of 52w high, or if you wanted European exposure on the NYSE there&#39;s $ABB.;hallstead
12/18/2016 5:26:16 PM;$ABB analysis available on the fastest growing stock platform, up to +70% ABB accuracy: http://www.stockstinder.com/predictions.php;cadencesullivan
12/18/2016 4:35:54 PM;$ABB try the fastest growing #1 stock analysis platform. Detailed reliable ABB predictions: http://www.stockstinder.com/predictions.php;cadencesullivan
12/18/2016 3:58:19 PM;$ABB most accurate predictions! 100% transparent accuracy rates, profit on ABB now, see for yourself: http://www.stockstinder.com/predictions.php;cadencesullivan
12/18/2016 3:27:06 PM;$ABB analysis available on fastest growing stock platform with up to +70% ABB accuracy: http://www.stockstinder.com/predictions.php;cadencesullivan
12/18/2016 1:05:10 PM;$ABB try the fastest growing &amp; #1 stock analysis platform. Detailed reliable ABB predictions: http://www.stockstinder.com/predictions.php;cadencesullivan
12/18/2016 12:49:04 PM;$ABB accurate predictions! 100% transparent accuracy rates, profit on ABB now, see for yourself: http://www.stockstinder.com/predictions.php;cadencesullivan
12/14/2016 11:10:14 PM;Scan results - Expansion Pivot Sell Setup today: $GWR $ABM $AVXS $DEO $ABB $NTT $NLY $ABX $BRKR $LPT ... http://swingtradebot.com/events/53/equities?selected_date=2016-12-14;SwingTradeBot
12/14/2016 11:05:44 PM;Scan results - Stochastic Sell Signal today: $DPS $YHOO $DPM $ABB $STE $CPL $ACC $PSXP $CNP $XOM ... http://swingtradebot.com/events/25/equities?selected_date=2016-12-14;SwingTradeBot
12/14/2016 11:04:05 PM;Scan results - Bearish Engulfing today: $CDEV $ABB $NTT $FNV $ABX $GG $AVGO $CPL $NEM $AZN ... http://swingtradebot.com/events/14/equities?selected_date=2016-12-14;SwingTradeBot
12/14/2016 1:23:34 PM;$ABB accurate predictions! 100% transparent accuracy rates, profit on ABB , see for yourself: http://www.expatinc.com/new/predictions.php;linsycourtney
12/14/2016 12:36:02 PM;$ABB accurate predictions! 100% transparent accuracy rates, profit on ABB , start today: http://www.expatinc.com/new/predictions.php;linsycourtney
