1/24/2017 6:40:09 PM;Based on seasonality, what&#39;s next for $ABC? http://bit.ly/1Vfw68L;Financhill
1/24/2017 5:32:07 AM;Estimize EPS expectations are 2.41% higher than that of Wall Street for $ABC Q1 [Reporting 01/31 BMO] \n http://www.estimize.com/intro/abc?utm_content=ABC&amp;utm_medium=eps_update&amp;utm_source=stocktwits#chart=historical;EstimizeAlerts
1/23/2017 7:26:06 PM;Attractive call overwrites: $MDLZ calls more expensive than 91% of history, $BMY 91%, $ABC 90%, $NUGT 87%, $SHLD 87%, $UVXY 86%, $CF 86%;getvolatility
1/23/2017 6:30:22 PM;Unusual put buying: $DVA 12x average volume, $MPC 11x, $CSX 6x, $BMY 5x, $RF 5x, $ABC 4x, $IBM 4x, $YUM 4x \u2192 via http://bit.do/TradOTO;365CryptoFX
1/23/2017 6:23:48 PM;Unusual put buying: $DVA 12x average volume, $MPC 11x, $CSX 6x, $BMY 5x, $RF 5x, $ABC 4x, $IBM 4x, $YUM 4x;getvolatility
1/23/2017 3:38:09 PM;AmerisourceBergen Corp. $ABC Shares Active after Upgrade at Vetr Inc. http://www.baseball-news-blog.com/?p=12979;BNBDaily
1/23/2017 3:12:26 PM;Attractive put selling pricing: $SHLD puts more expensive than 95% of history, $ABC 87%, $MDLZ 86%, $VALE 80%, $GPRO 79%, $DG 78%, $SWN 78%;getvolatility
1/23/2017 12:29:35 PM;Big implied vol spikes: $UAA +3.4%, $BMY +3.3%, $SHLD +2.4%, $UNG +2.0%, $QCOM +2.0%, $ORCL +1.7%, $ABC +1.1%;getvolatility
1/22/2017 5:26:15 AM;Here\u2019s what 6 Estimize analysts believe $ABC will report for Q1 2017 revenue [Reporting 01/31 BMO] \n http://www.estimize.com/intro/abc?utm_content=ABC&amp;utm_medium=eps_update&amp;utm_source=stocktwits#chart=historical;EstimizeAlerts
1/21/2017 5:08:23 AM;Here\u2019s what 6 Estimize analysts believe $ABC will report for Q1 2017 EPS [Reporting 01/31 BMO] \n http://www.estimize.com/intro/abc?utm_content=ABC&amp;utm_medium=eps_update&amp;utm_source=stocktwits#chart=historical;EstimizeAlerts
1/20/2017 11:40:15 PM;Unusual option activity alert: $DVA 26x average daily volume, $BMY 12x, $ABC 11x, $LQD 9x, $HST 8x, $NUGT 8x, $CSX 8x;getvolatility
1/20/2017 11:05:12 PM;Scan results - Stochastic Sell Signal today: $HUM $MCK $ABC $BDX $IAC $ESRX $SJM $WEX $BAX $WAT ... http://swingtradebot.com/events/25/equities?selected_date=2017-01-20;SwingTradeBot
1/20/2017 2:03:41 PM;Recent $ABC technical alerts: NR7 plus 6 more alerts... http://swingtradebot.com/equities/ABC;SwingTradeBot
1/20/2017 1:55:03 PM;$ABC: New SEC Filing for ABC:\nForm DEFA14A, No. 0001104659-17-003197\nhttp://stocknewsflow.com/1140859_000110465917003197_0001104659-17-003197;VestNews
1/20/2017 1:04:54 PM;AmerisourceBergen Corporation (Holding Co) releases salary data. CEO sees compensation fall -7% http://www.conferencecalltranscripts.org/proxy/summary2/?id=3402662 $ABC;cctranscripts
1/20/2017 1:04:42 PM;AmerisourceBergen Corporation (Holding: Soliciting Material Under \u00A7240.14A-12  http://www.conferencecalltranscripts.org/proxya/summary2/?id=3402659 $ABC;cctranscripts
1/20/2017 12:54:44 PM;$ABC - This should continue until around $100.00. Strong break of 5 touches on weekly means it could go even higher.;topleveltrading
1/19/2017 7:16:57 PM;$ABC analysts on Estimize are expecting 6.58% YoY revenue growth for Q1, up from 5.90% in Q4 [Reporting 01/31 BMO] \n http://www.estimize.com/intro/abc?utm_content=ABC&amp;utm_medium=eps_update&amp;utm_source=stocktwits#chart=historical;EstimizeAlerts
1/17/2017 8:52:25 PM;$ABC ww;TrendHunter
1/17/2017 7:15:35 PM;$ABC analysts on Estimize are expecting -0.22% YoY EPS growth for Q1, down from 11.11% in Q4 [Reporting 01/31 BMO] \n http://www.estimize.com/intro/abc?utm_content=ABC&amp;utm_medium=eps_update&amp;utm_source=stocktwits#chart=historical;EstimizeAlerts
1/17/2017 3:00:02 PM;Notable Analyst Upgrades 01/17 \u00BD: $ABC $AGIO $ALB $AXP $BYD $CLR $DIS $ESV $FE $FGL $FN $GDOT $HCA $JONE;silverjet2
1/17/2017 2:44:14 PM;10 Biggest Price Target Changes For Tuesday http://benzinga.com/z/8911649 $ABC $AXP $CHMA $SAIA $LMCA $DIS $JWN $PPG $NFLX $TWTR;Benzinga
1/17/2017 2:24:46 PM;Benzinga&#39;s Top Upgrades, Downgrades For January 17 http://benzinga.com/z/8911505 $ABC $AGIO $ALB $DIS $NFLX $FE $ $CMG $EAT $TWTR $JWN $TPIC $BIDU;Benzinga
1/17/2017 2:07:01 PM;$AGIO $ABC $HCA $CHMA | &quot;Premarket Analyst Action - Healthcare&quot; | http://viid.me/qakbTG;NewsBuzz
1/17/2017 1:52:55 PM;Top Upgrades 1/17: $ABC $AGIO $ALB $AXP $BYD $CLR $DIS $E $ESV $FE $FGL $FN $GDOT $HCA $JONE $LAMR $LGF/A (1/2);OpenOutcrier
1/17/2017 1:15:28 PM;Analysts&#39; Actions -- Chipotle, Disney, Brinker, J.P. Morgan and More $ABC http://dlvr.it/N7W1mh;TheStreet
1/17/2017 1:12:59 PM;$ABC Leerink Partners raises to outperform https://stocknews.com/news/abc-leerink-partners-raises-to-outperform/;StockNews
1/17/2017 12:53:09 PM;Upgrades $PKY $PAAS $YUMC $FE $PNW $NFX $CLR $ALB $AXP $TXRH $LAMR $RES $MSM $NFLX $AGIO $DIS $XEC $HCA $ABC $JONE $FN $PKY $SNOW $MIK $BYD;ACInvestorBlog
1/17/2017 12:24:19 PM;AmerisourceBergen Corporation (Holding Co) upgraded by Leerink Swann to outperform. $95.00 PT. http://www.marketbeat.com/r/762237 $ABC;AnalystRatingsNetwork
1/17/2017 1:25:53 AM;5 BUY and 1 SELL finance pro opinions. Would you buy or sell $ABC? Enter here: https://www.finstead.com/stock/info/ABC?tab=opinions;finstead
